Job Title,Company,Location
Data Analyst,Seen by Indeed,"Washington, DC 20005 (Logan Circle area)"
Data Analyst IV,Common Securitization Solutions,"Washington, DC 20004 (Downtown area)"
Business Analyst,Maru Solutions,"Arlington, VA 22201"
Data Analyst,NewDay USA,"Alexandria, VA 22301 (Potomac West area)"
Data Analyst,Sage Management,"Washington, DC 20036 (Downtown area)"
Healthcare Data Analyst,"Baltimore Medical System, Inc.","Washington, DC 20066 (Brentwood area)"
Sr. Data Analyst,Tredence,"Owings Mills, MD"
Data Intake Analyst,The HSC Health Care System,"Washington, DC 20001 (Shaw area)"
Data Analyst Supporting the FBI,Forfeiture Support Associates,"Washington, DC 20020 (Anacostia area)"
Data Scientist (Python/Remote),AM LLC,"Herndon, VA 20170"
Data Scientist,Seen by Indeed,"Suitland, MD 20746"
Data Scientist,Red Oak Strategic,"Fort Meade, MD 20755"
Data Scientist,Verizon,"Washington, DC"
Data Scientist,Central Intelligence Agency,"Washington, DC"
Data Scientist,Perspecta,"Washington, DC 20007 (Georgetown area)"
Undergraduate Internship/Co-op Program - Data Scientist,Central Intelligence Agency,"Herndon, VA"
Data Scientist,NumeroData LLC,"Washington, DC"
Data Scientist,"The Consortium, Inc.","Washington, DC"
"Eng 4, Machine Learning",Comcast,"Washington, DC"
Associate Systems Engineer (Geospatial/Machine Learning),Mitre Corporation,"Silver Spring, MD 20904"
Systems Engineer,STONE Resource Group,"Columbia, MD 21046"
Software Engineer for Machine Learning Applications,DECISIVE ANALYTICS Corporation,"Arlington, VA"
Sr. Front End Software Engineer,Aerial Applications,"McLean, VA"
Maching Learning Systems Engineer,Mitre Corporation,"Vienna, VA"
Machine Learning Engineer - DC,G11 Technology Partners,"McLean, VA"
Computational / Machine Learning Engineer Intern,3M,"Vienna, VA 22182"
Senior Machine Learning Engineer,Rekor,"Vienna, VA"
Software Engineer for Machine Learning product,RiskSpan,"Washington, DC 20005 (Logan Circle area)"
